ESATAN 2016 sp2;  MODEL MOVE_II_3_1_CASE_122;  TIME 16 December  2016  03:15:22
 
TIME,T604,T654,T706,T1043,T3000,T3012,T5013,T5014,T13012,T14014,T20044,T22043,T24012,T26012,T28012,T29012,T30045,T41102,T70100,T73507,T80037,T80062,T80137,T80162,T80237,T80262,T80337,T80362,T81062,T82000,T82100,
 0.000000000000000E+00,-3.175834281725995E+01,-3.378390486763029E+01,-2.986202641133830E+01,1.188740403400733E+01,2.863688203741140E+01,3.958484945460340E+01,7.393686872740822E+00,2.532984187530112E+01,2.663380951470671E+01,2.537428703252602E+01,2.758447048785339E+01,2.634779343366951E+01,2.585364399564993E+01,3.437160483534273E+01,2.689535823238202E+01,2.694285737488406E+01,2.685654386093039E+01,2.310085543471901E+01,3.905031477727507E+01,8.106556642666964E+00,2.688767609659123E+01,2.691887020281593E+01,2.690018739466801E+01,2.693244601822415E+01,2.685371976495373E+01,2.687690442101587E+01,2.685916927992283E+01,2.688886049886312E+01,2.661468597948571E+01,-3.385881455998841E+01,-3.371888705981514E+01,
 6.374000167846680E+01,-3.133523961826433E+01,-3.331365642722170E+01,-2.945420548696976E+01,1.197086145850894E+01,2.872361360117354E+01,3.972506681085395E+01,7.415702714213252E+00,2.546414029964206E+01,2.678288338115572E+01,2.550886587692536E+01,2.761053214638660E+01,2.638572232474686E+01,2.589186197321461E+01,3.444061013914628E+01,2.690082036780852E+01,2.694850192472698E+01,2.686209433666353E+01,2.319185971870101E+01,3.919094373143384E+01,8.200169473986254E+00,2.689299354911379E+01,2.692431635595714E+01,2.690581998709685E+01,2.693819645112920E+01,2.685923754938753E+01,2.688225014977716E+01,2.686546917008521E+01,2.689458180993783E+01,2.678052270346364E+01,-3.361321288206967E+01,-3.335645086864084E+01,
 1.274800033569336E+02,-3.091588665930741E+01,-3.284734283134812E+01,-2.905101317614006E+01,1.205496810736021E+01,2.881163732999762E+01,3.986146855665213E+01,7.443037337975952E+00,2.559958951643712E+01,2.693229383688811E+01,2.564457693383254E+01,2.763806459201512E+01,2.642585719790108E+01,2.593180681816919E+01,3.450977581022049E+01,2.690744756609469E+01,2.695530675129294E+01,2.686881456347714E+01,2.328082480182674E+01,3.932940296974601E+01,8.295928744407501E+00,2.689947840140276E+01,2.693092958318846E+01,2.691261094372698E+01,2.694510119400946E+01,2.686592027752587E+01,2.688876172619651E+01,2.687291146330928E+01,2.690145878458789E+01,2.694706374826792E+01,-3.336016289942066E+01,-3.298649975357292E+01,
 1.912200050354004E+02,-3.050528608354553E+01,-3.238949655297872E+01,-2.865512392363561E+01,1.214495975511363E+01,2.890030967460054E+01,3.999643186082737E+01,7.476498459875195E+00,2.573734733273317E+01,2.708297649615305E+01,2.578261305642567E+01,2.766696092726618E+01,2.646793520159143E+01,2.597340206824628E+01,3.457889464051285E+01,2.691520143721441E+01,2.696323423604713E+01,2.687666340130208E+01,2.336759582326806E+01,3.946589480756569E+01,8.393262489098987E+00,2.690709459369929E+01,2.693867094260042E+01,2.692052033348021E+01,2.695311571071640E+01,2.687373140573689E+01,2.689640442558716E+01,2.688145641782447E+01,2.690945198734908E+01,2.711382674268181E+01,-3.309916794862485E+01,-3.261109277610090E+01,
 2.549600067138672E+02,-3.010700138883980E+01,-3.194357471550109E+01,-2.826907730317525E+01,1.223711082831765E+01,2.899173478385325E+01,4.012962561159961E+01,7.516284452120990E+00,2.587677990943666E+01,2.723470603331815E+01,2.592240679379158E+01,2.769715081187719E+01,2.651182828075486E+01,2.601650244641677E+01,3.464796092048825E+01,2.692405252722483E+01,2.697225809642770E+01,2.688561406637728E+01,2.345194737065677E+01,3.960052544159868E+01,8.491462994003864E+00,2.691581547749401E+01,2.694751352811640E+01,2.692951796994181E+01,2.696222062224344E+01,2.688264485796199E+01,2.690515184293976E+01,2.689106139965470E+01,2.691853012711580E+01,2.728030394028630E+01,-3.283132755243929E+01,-3.223252833357196E+01,
 3.187000083923340E+02,-2.972425610617156E+01,-3.151285145364874E+01,-2.789603700726669E+01,1.233049633986519E+01,2.908599539936751E+01,4.026123986902888E+01,7.560749179440450E+00,2.601759792619090E+01,2.738711254810540E+01,2.606364371504448E+01,2.772857137034181E+01,2.655735117080355E+01,2.606088882125393E+01,3.471696777796684E+01,2.693396701823643E+01,2.698234733614259E+01,2.689563175980406E+01,2.353377432586234E+01,3.973341852260266E+01,8.589449942314079E+00,2.692561063694650E+01,2.695742777842506E+01,2.693956889646498E+01,2.697238142302682E+01,2.689262893046669E+01,2.691497312386354E+01,2.690169101274966E+01,2.692865664302828E+01,2.744605556556554E+01,-3.255801993198173E+01,-3.185328515472141E+01,
 3.824400100708008E+02,-2.935952830045364E+01,-3.110212710196474E+01,-2.753832695512833E+01,1.242441942646402E+01,2.918243548009669E+01,4.039196540637726E+01,7.610816532600512E+00,2.615980511288646E+01,2.753999663142288E+01,2.620625504451076E+01,2.776109342952554E+01,2.660436663595111E+01,2.610625325218634E+01,3.478593267916030E+01,2.694491433994065E+01,2.699347116381434E+01,2.690668468384601E+01,2.361295659103169E+01,3.986468562110989E+01,8.686360803837536E+00,2.693644937898245E+01,2.696838368620038E+01,2.695064268437179E+01,2.698356625275456E+01,2.690365144428767E+01,2.692583726250582E+01,2.691331749829429E+01,2.693980145939324E+01,2.761064042415394E+01,-3.228095961976956E+01,-3.147621143167978E+01,
 4.461800117492676E+02,-2.901626578288236E+01,-3.071473435989795E+01,-2.719711238723042E+01,1.252332241711660E+01,2.928039171464625E+01,4.052157785519918E+01,7.665079660886157E+00,2.630287313431187E+01,2.769290382859003E+01,2.634986355083885E+01,2.779458749711666E+01,2.665263746849883E+01,2.615268798945297E+01,3.485478903333954E+01,2.695685906161419E+01,2.700559564984323E+01,2.691873874795847E+01,2.368932662340692E+01,3.999448995125552E+01,8.781571166249448E+00,2.694829439654788E+01,2.698034746578452E+01,2.696270280686108E+01,2.699573740123797E+01,2.691567521745780E+01,2.693770634971619E+01,2.692589155262132E+01,2.695192739787867E+01,2.777340093244236E+01,-3.200028247121922E+01,-3.110400788586212E+01,
 5.099200134277344E+02,-2.869645668148710E+01,-3.035326531743712E+01,-2.687925268871953E+01,1.262372640009305E+01,2.937954919224440E+01,4.064989795415332E+01,7.722730780306048E+00,2.644612203677688E+01,2.784589758195921E+01,2.649371766280371E+01,2.782908487376554E+01,2.670198613281804E+01,2.620013567903409E+01,3.492357854665356E+01,2.696976702164519E+01,2.701868178734555E+01,2.693176227395315E+01,2.376280985020321E+01,4.012297380037401E+01,8.874375831272387E+00,2.696111702259514E+01,2.699328120877603E+01,2.697571591168178E+01,2.700885766158875E+01,2.692867535324973E+01,2.695055415930800E+01,2.693940551737766E+01,2.696500470296903E+01,2.793381363050882E+01,-3.171769338404072E+01,-3.073863144709492E+01,
 5.736600151062012E+02,-2.840146336255266E+01,-3.002058213764770E+01,-2.658557680414973E+01,1.271921903871427E+01,2.948068808845805E+01,4.077722015691128E+01,7.783496172224017E+00,2.658872374008244E+01,2.799850204603594E+01,2.663705581756882E+01,2.786458752081856E+01,2.675242751261471E+01,2.624831046958978E+01,3.499236235541980E+01,2.698362313676549E+01,2.703271425224627E+01,2.694573938429212E+01,2.383343897712653E+01,4.025038720350622E+01,8.963952776179763E+00,2.697489959173846E+01,2.700717107708312E+01,2.698966770651973E+01,2.702291205160919E+01,2.694263339936778E+01,2.696436210744945E+01,2.695384214914820E+01,2.697901943580839E+01,2.809164529511321E+01,-3.143607213135660E+01,-3.038275622633057E+01,
 6.374000167846680E+02,-2.813350917501814E+01,-2.971900936545457E+01,-2.631807970120470E+01,1.281203738341459E+01,2.958476496758811E+01,4.090395924507057E+01,7.848784913472996E+00,2.673075233187527E+01,2.815018073236824E+01,2.677990054732617E+01,2.790094638002289E+01,2.680376563096278E+01,2.629706844714799E+01,3.506094096013738E+01,2.699839422408741E+01,2.704766359207506E+01,2.696063599924820E+01,2.390126852140015E+01,4.037696396964119E+01,9.049513472417933E+00,2.698961150172974E+01,2.702198851464513E+01,2.700452170001686E+01,2.703786664315114E+01,2.695751452260856E+01,2.697909862786041E+01,2.696914959976173E+01,2.699393195788181E+01,2.824661788383712E+01,-3.115661430601547E+01,-3.003872848594009E+01,
 7.011400184631348E+02,-2.789446358504862E+01,-2.945038928190309E+01,-2.607814481956754E+01,1.290228445808054E+01,2.969014253507977E+01,4.103034751036294E+01,7.916280461282549E+00,2.687192750279351E+01,2.830009404016676E+01,2.692198205888820E+01,2.793810132300560E+01,2.685584035499045E+01,2.634649898275815E+01,3.512933766369911E+01,2.701404087394325E+01,2.706349243492836E+01,2.697640760425520E+01,2.396641281073030E+01,4.050266256020964E+01,9.130596611046627E+00,2.700521709157796E+01,2.703769902511117E+01,2.702023702854893E+01,2.705368199106636E+01,2.697327734364595E+01,2.699472711006397E+01,2.698529152380523E+01,2.700970178636268E+01,2.839834354450421E+01,-3.088064575798277E+01,-2.970895217941681E+01,
 7.648800201416016E+02,-2.768567912260984E+01,-2.921679167087307E+01,-2.586630742213416E+01,1.298963156031168E+01,2.979462326547090E+01,4.115603469202480E+01,7.985023137029935E+00,2.701158092461674E+01,2.844746146426752E+01,2.706269505844788E+01,2.797596809348341E+01,2.690852225287894E+01,2.639654280007590E+01,3.519771214077596E+01,2.703053101667153E+01,2.708016748402346E+01,2.699302873371004E+01,2.402899256203811E+01,4.062756033186186E+01,9.206858159286732E+00,2.702168554470086E+01,2.705427055846047E+01,2.703678207265798E+01,2.707032423302445E+01,2.698989901274886E+01,2.701121753117459E+01,2.700224156366239E+01,2.702629835498950E+01,2.854657959107672E+01,-3.060972120243198E+01,-2.939580508949710E+01,
 8.286200218200684E+02,-2.750759854348064E+01,-2.901987173814010E+01,-2.568402566932755E+01,1.307371157103995E+01,2.989879740441506E+01,4.128119402773856E+01,8.055303396431254E+00,2.714947773884353E+01,2.859206498836339E+01,2.720174765058086E+01,2.801446882264635E+01,2.696164218374195E+01,2.644707071358976E+01,3.526604877211357E+01,2.704784082629789E+01,2.709766440994749E+01,2.701048188548900E+01,2.408917292751989E+01,4.075178325741383E+01,9.277942382582015E+00,2.703898912588058E+01,2.707167470516622E+01,2.705413573461745E+01,2.708777405650348E+01,2.700735515493067E+01,2.702854330386706E+01,2.701997528706438E+01,2.704370003887717E+01,2.869119349920057E+01,-3.034525668814981E+01,-2.910129057450500E+01,
 8.923600234985352E+02,-2.736067795129549E+01,-2.885919085364583E+01,-2.553330409983251E+01,1.315368409355738E+01,3.000426525079281E+01,4.140604639530425E+01,8.126020919778712E+00,2.728557795305001E+01,2.873383674531804E+01,2.733903154544983E+01,2.805352127457744E+01,2.701502813953890E+01,2.649792763654645E+01,3.533420404026160E+01,2.706595102441601E+01,2.711596228266911E+01,2.702874302538275E+01,2.414716113374083E+01,4.087539597315666E+01,9.343551925097112E+00,2.705710704393921E+01,2.708988991979461E+01,2.707228011439102E+01,2.710601323670992E+01,2.702562880355145E+01,2.704668419560786E+01,2.703847036920655E+01,2.706188831716787E+01,2.883203712851605E+01,-3.008843583311247E+01,-2.882692325671113E+01,
 9.561000251770020E+02,-2.724181246579588E+01,-2.873436160030123E+01,-2.541330580996040E+01,1.322998655507262E+01,3.011294452487055E+01,4.153445700856083E+01,8.199596712037369E+00,2.742781292763334E+01,2.888373006538227E+01,2.748355635882359E+01,2.809345944696931E+01,2.706902830576776E+01,2.654955450002014E+01,3.540281459206368E+01,2.708610431268339E+01,2.713578065836593E+01,2.704886824076407E+01,2.420742053714583E+01,4.100980865549256E+01,9.408564942424121E+00,2.707747619247561E+01,2.711010950529403E+01,2.709266116090989E+01,2.712628508308718E+01,2.704596240752662E+01,2.706708236448495E+01,2.705897881536321E+01,2.708231559753595E+01,2.898142987766796E+01,-2.982533345718841E+01,-2.855919827879577E+01,
 1.019840026855469E+03,-2.709569242965856E+01,-2.863755630776345E+01,-2.526500167174845E+01,1.337527180625755E+01,3.038965518791015E+01,4.192664490194900E+01,8.429838415746078E+00,2.785637594109505E+01,2.934880938498383E+01,2.791795025520279E+01,2.850438837103068E+01,2.761819745236268E+01,2.676446363044906E+01,3.550503480537907E+01,2.718009831744706E+01,2.722688471521480E+01,2.714652238366993E+01,2.437609934968188E+01,4.140483107310330E+01,9.585014707128497E+00,2.717103812707026E+01,2.720157932780388E+01,2.718714482184855E+01,2.721891341064898E+01,2.714367779871096E+01,2.716143793972512E+01,2.715817439649749E+01,2.717765739747204E+01,2.942360515779718E+01,-2.923036216405867E+01,-2.801912643018290E+01,
 1.083580028533936E+03,-2.699575103850555E+01,-2.856717112120847E+01,-2.514067418151383E+01,1.361377574166889E+01,3.065353338412539E+01,4.226534941670945E+01,8.635030733632206E+00,2.821729758862453E+01,2.974109259231473E+01,2.828348032000670E+01,2.928734137231180E+01,2.891568405255592E+01,2.718982822863227E+01,3.562549890844101E+01,2.727884737826205E+01,2.732367456074582E+01,2.725021770844636E+01,2.454202073577059E+01,4.174204123518793E+01,9.721875569190784E+00,2.726935492395535E+01,2.729834996342755E+01,2.728620304909434E+01,2.731639487822053E+01,2.724718765731751E+01,2.726078647347857E+01,2.726351424088962E+01,2.727791661727657E+01,2.979174545881331E+01,-2.876008905416282E+01,-2.765556002340122E+01,
 1.147320030212402E+03,-2.693324211182612E+01,-2.852466232957509E+01,-2.504853988881990E+01,1.391047147482882E+01,3.090206944841017E+01,4.256888299362236E+01,8.822228478802598E+00,2.853147551808038E+01,3.008306927305491E+01,2.860115928232156E+01,3.001634787651129E+01,3.018100890071349E+01,2.771128303679563E+01,3.576268536788612E+01,2.738124168295633E+01,2.742446572285237E+01,2.735687382598903E+01,2.470990371461957E+01,4.203938861709025E+01,9.831653753177390E+00,2.737162850291261E+01,2.739928026750898E+01,2.738885228881021E+01,2.741779296974330E+01,2.735386464190007E+01,2.736400449937836E+01,2.737127996946564E+01,2.738159554535028E+01,3.010899135694818E+01,-2.837722481656681E+01,-2.739968436707848E+01,
 1.211060031890869E+03,-2.691071401998885E+01,-2.851167638413204E+01,-2.499637203206384E+01,1.422781848678719E+01,3.109037108802840E+01,4.279028800474781E+01,8.958831858364409E+00,2.875543192760814E+01,3.032700276373328E+01,2.882760652409274E+01,3.063935575810844E+01,3.126276253218009E+01,2.825468093640847E+01,3.590575306976428E+01,2.748355337777121E+01,2.752563793318089E+01,2.746260643550884E+01,2.484697036945305E+01,4.225944769791649E+01,9.903274662184737E+00,2.747385188137183E+01,2.750047221843588E+01,2.749120877598457E+01,2.751919819798555E+01,2.745954466628794E+01,2.746695580256924E+01,2.747745734894693E+01,2.748471055037937E+01,3.033491329949209E+01,-2.810917202399023E+01,-2.724317494019319E+01,
 1.274800033569336E+03,-2.691969317562590E+01,-2.852765597924452E+01,-2.497548541507507E+01,1.455723431276659E+01,3.127356080488159E+01,4.300724747101256E+01,9.089808499345883E+00,2.896906240385865E+01,3.055942861859229E+01,2.904341274224773E+01,3.119065563932276E+01,3.220816296365720E+01,2.880275636543467E+01,3.605366367397011E+01,2.758899086014036E+01,2.763039384464197E+01,2.757090261261569E+01,2.498774601606651E+01,4.247414614281939E+01,9.964261552287393E+00,2.757936504246604E+01,2.760528585016888E+01,2.759670868946436E+01,2.762406801298464E+01,2.756787553513325E+01,2.757305840897875E+01,2.758600999227819E+01,2.759081570245960E+01,3.054893873026335E+01,-2.787146159403954E+01,-2.712400353312608E+01,
 1.338540035247803E+03,-2.695152110289738E+01,-2.857053127084250E+01,-2.498205600348369E+01,1.482557596381211E+01,3.139467804846877E+01,4.313248463382553E+01,9.161052948125528E+00,2.908539367258772E+01,3.068590492790209E+01,2.916106967398798E+01,3.159437867855045E+01,3.288809257022166E+01,2.924059861663231E+01,3.617553292346946E+01,2.768116788207291E+01,2.772166459033349E+01,2.766495235052123E+01,2.507140598640779E+01,4.259594205675800E+01,9.993966230434497E+00,2.767163635662666E+01,2.769678704432300E+01,2.768901381575230E+01,2.771575803288907E+01,2.766199578597221E+01,2.766576954736496E+01,2.768019446830540E+01,2.768354124679644E+01,3.066608194890657E+01,-2.773138423945823E+01,-2.706520435636286E+01,
 1.402280036926270E+03,-2.701142096819624E+01,-2.863966130633969E+01,-2.501725596587526E+01,1.508009281800114E+01,3.149494608935507E+01,4.324311439769286E+01,9.219590471378956E+00,2.918538562257266E+01,3.079643478783381E+01,2.926243523014594E+01,3.195202195824300E+01,3.347800686110084E+01,2.964952721247560E+01,3.629176769249464E+01,2.777307983360307E+01,2.781316389995851E+01,2.775839499727497E+01,2.514841288943508E+01,4.270608796958899E+01,1.001633163542100E+01,2.776355383409150E+01,2.778829770464801E+01,2.778088578962954E+01,2.780726050008100E+01,2.775537785759914E+01,2.775798598424809E+01,2.777351111075465E+01,2.777570327907857E+01,3.076857539393393E+01,-2.761268523990899E+01,-2.702620082053311E+01,
 1.466020038604736E+03,-2.711918951633047E+01,-2.873478899791101E+01,-2.509369084793448E+01,1.535039828164749E+01,3.166782818884312E+01,4.348474437034939E+01,9.350051375915465E+00,2.941410730577900E+01,3.105423754490608E+01,2.949491123912222E+01,3.226754153988066E+01,3.402842978340657E+01,3.006623169578569E+01,3.642595732019966E+01,2.781822450111234E+01,2.786321225369779E+01,2.780579116847795E+01,2.531733170687652E+01,4.295877862250068E+01,1.005640812945810E+01,2.780823766722184E+01,2.783598928872708E+01,2.782451115931194E+01,2.785300353278032E+01,2.780146895389456E+01,2.780245769677995E+01,2.781929842547371E+01,2.781930011736674E+01,3.100199479351433E+01,-2.741916902431283E+01,-2.699161701161961E+01,
 1.529760040283203E+03,-2.723674380187735E+01,-2.885363397683286E+01,-2.519854347361786E+01,1.554947735203294E+01,3.191867868623001E+01,4.379346302847356E+01,9.518031737876566E+00,2.969992165430134E+01,3.136945683647286E+01,2.978400844449996E+01,3.203626123711711E+01,3.369375180703468E+01,3.026626513801798E+01,3.657856947947636E+01,2.780943496528172E+01,2.785645797651652E+01,2.779469166430856E+01,2.552035509679552E+01,4.326933123924246E+01,1.009327663960628E+01,2.780043096290076E+01,2.782927877677422E+01,2.781514251289392E+01,2.784496983697915E+01,2.779090445277232E+01,2.779421226085248E+01,2.780670502757265E+01,2.780932443330492E+01,3.128417953065713E+01,-2.723061502600137E+01,-2.699537619790764E+01,
 1.593500041961670E+03,-2.735755869846402E+01,-2.898734674233075E+01,-2.531162319103928E+01,1.564679024545971E+01,3.213150811015563E+01,4.404633517020929E+01,9.651739180998677E+00,2.992957606845351E+01,3.162001778760228E+01,3.001587778193884E+01,3.168226752500403E+01,3.301793615799672E+01,3.028220036803986E+01,3.672634996199608E+01,2.780210862941387E+01,2.785103602024169E+01,2.778521399419502E+01,2.567616737314772E+01,4.351919591956862E+01,1.011360139638643E+01,2.779368756738567E+01,2.782374194160566E+01,2.780752181677161E+01,2.783864388070879E+01,2.778170132737470E+01,2.778696728803414E+01,2.779642379430122E+01,2.780111255162549E+01,3.150750748212240E+01,-2.710471581133082E+01,-2.702876839918698E+01,
 1.657240043640137E+03,-2.748977489057856E+01,-2.913091125048453E+01,-2.543685153885929E+01,1.567793493394571E+01,3.229597504668134E+01,4.424582789413790E+01,9.753790592800616E+00,3.011030670598769E+01,3.181621777528564E+01,3.019819984906356E+01,3.138032465630920E+01,3.240366299904751E+01,3.021089769800381E+01,3.686452854327698E+01,2.779560008459418E+01,2.784610663194178E+01,2.777698733466104E+01,2.579563196062825E+01,4.371808344775973E+01,1.012271989289972E+01,2.778754449772965E+01,2.781864764052279E+01,2.780086982607233E+01,2.783305828476527E+01,2.777364256241013E+01,2.778040563909803E+01,2.778782888162610E+01,2.779400557279000E+01,3.168221517613554E+01,-2.702327335942170E+01,-2.707951118725803E+01,
 1.720980045318604E+03,-2.761430469230444E+01,-2.928262342265701E+01,-2.556113169099429E+01,1.566904155623342E+01,3.241910286206745E+01,4.438688316739283E+01,9.825266082152076E+00,3.023692970348805E+01,3.195236976968246E+01,3.032590109889291E+01,3.115596194378253E+01,3.193041511172466E+01,3.011034095245338E+01,3.697928019584396E+01,2.779021481477929E+01,2.784193347245618E+01,2.777039331021637E+01,2.587716851698575E+01,4.385736693585955E+01,1.012521175231747E+01,2.778239764589267E+01,2.781431166264964E+01,2.779541219088438E+01,2.782840198319759E+01,2.776717153967781E+01,2.777495434326998E+01,2.778110304493867E+01,2.778823221665562E+01,3.180327075697047E+01,-2.697563099805291E+01,-2.713281180670969E+01,
 1.784720046997070E+03,-2.774543419450902E+01,-2.943889059712620E+01,-2.568447332776786E+01,1.564023711786860E+01,3.250472474744154E+01,4.448708976749511E+01,9.874437071638026E+00,3.032608555692493E+01,3.204828281980092E+01,3.041583632972592E+01,3.098224305859349E+01,3.155462491760931E+01,3.000409004337341E+01,3.707546316587862E+01,2.778565258853059E+01,2.783830943455460E+01,2.776493634640830E+01,2.593512315287397E+01,4.395748919164334E+01,1.012420549930890E+01,2.777801314909605E+01,2.781055348898704E+01,2.779080617171773E+01,2.782441186641329E+01,2.776181196818493E+01,2.777034513199964E+01,2.777555939627829E+01,2.778339399674011E+01,3.188902468781689E+01,-2.694803371972073E+01,-2.718684799374848E+01,
 1.848460048675537E+03,-2.788852519129797E+01,-2.960157880764257E+01,-2.582128450466272E+01,1.559792422231752E+01,3.258966556676603E+01,4.458693938908900E+01,9.921667775807730E+00,3.041379662471121E+01,3.214298913471744E+01,3.050446196098344E+01,3.083251453490783E+01,3.122465254123250E+01,2.989209048507934E+01,3.716408491841064E+01,2.778148530933861E+01,2.783496523692017E+01,2.776002016564137E+01,2.599126872385251E+01,4.405719917015591E+01,1.012094187041919E+01,2.777399502471384E+01,2.780708413052521E+01,2.778660891406218E+01,2.782074915961872E+01,2.775698371843480E+01,2.776613660871239E+01,2.777060664183065E+01,2.777900369733132E+01,3.197362831849846E+01,-2.692980530591349E+01,-2.725232837400804E+01,
 1.912200050354004E+03,-2.803997733066301E+01,-2.977037440045603E+01,-2.596338434342638E+01,1.555172953139134E+01,3.267536340257629E+01,4.468683651942202E+01,9.966343253572788E+00,3.050026489006573E+01,3.223644835267784E+01,3.059191398904204E+01,3.070362972501625E+01,3.093668736548428E+01,2.978008062373901E+01,3.724554942372085E+01,2.777773694401282E+01,2.783193952739963E+01,2.775565549579004E+01,2.604563990631589E+01,4.415678288464557E+01,1.011554008748332E+01,2.777037770798363E+01,2.780394671112357E+01,2.778283874400953E+01,2.781744242620650E+01,2.775270401083804E+01,2.776236065049351E+01,2.776623717074291E+01,2.777507466490764E+01,3.205724690112347E+01,-2.691928879281831E+01,-2.732887444748118E+01,
 1.975940052032471E+03,-2.819797658707368E+01,-2.994490798883897E+01,-2.611396254709048E+01,1.550122561907334E+01,3.276054293463118E+01,4.478695889653587E+01,1.000852408749122E+01,3.058529740621895E+01,3.232926509979853E+01,3.067798117160843E+01,3.059290395695428E+01,3.068682940115109E+01,2.967208285963699E+01,3.732077147550352E+01,2.777444388003590E+01,2.782928196970633E+01,2.775186549967225E+01,2.609847592161671E+01,4.425643217215846E+01,1.010810559316089E+01,2.776721128873267E+01,2.780119239353346E+01,2.777952763579818E+01,2.781453402526143E+01,2.774900403747927E+01,2.775906554027294E+01,2.776246222970447E+01,2.777163482291963E+01,3.214000543808763E+01,-2.691659533060004E+01,-2.741523794052912E+01,
 2.039680053710938E+03,-2.836065873731150E+01,-3.012484735376533E+01,-2.627114847801970E+01,1.544311672139049E+01,3.284525525434842E+01,4.488733970474620E+01,1.004873847921753E+01,3.066928997877741E+01,3.242146393396872E+01,3.076306226456624E+01,3.049813826364627E+01,3.047126822425450E+01,2.957081987673448E+01,3.739095041086780E+01,2.777166305936650E+01,2.782706354411271E+01,2.774868940532421E+01,2.615010145114386E+01,4.435628237920294E+01,1.009880526663911E+01,2.776455237675827E+01,2.779889126511110E+01,2.777673202154298E+01,2.781208959511923E+01,2.774591884949854E+01,2.775630257929885E+01,2.775931728059276E+01,2.776873639113979E+01,3.222205295876120E+01,-2.692306956630154E+01,-2.751110855278704E+01,
 2.103420055389404E+03,-2.852681996361370E+01,-3.030975588662519E+01,-2.643032806665308E+01,1.538286812426731E+01,3.292830577984044E+01,4.498806071837178E+01,1.008584192687119E+01,3.075201830338349E+01,3.251347242193188E+01,3.084696666610737E+01,3.041743997431552E+01,3.028614323219362E+01,2.947794227956695E+01,3.745707827061423E+01,2.776943569924984E+01,2.782533876274772E+01,2.774615503700741E+01,2.620077977729595E+01,4.445643044080432E+01,1.008780040105692E+01,2.776244380320518E+01,2.779709601853923E+01,2.777449024930815E+01,2.781015656624075E+01,2.774347481318200E+01,2.775411055997949E+01,2.775681814581350E+01,2.776641257048753E+01,3.230350009866246E+01,-2.693836387228390E+01,-2.761593692634671E+01,
 2.167160057067871E+03,-2.869652164955131E+01,-3.049942275026870E+01,-2.659199322137953E+01,1.532314329983662E+01,3.301076664641543E+01,4.508929010329069E+01,1.011954445280805E+01,3.083358562642972E+01,3.260500178265195E+01,3.092975259101730E+01,3.034914820597237E+01,3.012784347896264E+01,2.939428998197758E+01,3.751991654678631E+01,2.776779751554026E+01,2.782415253590906E+01,2.774428727476607E+01,2.625075284821484E+01,4.455691328810153E+01,1.007525324989309E+01,2.776092577530660E+01,2.779585288652227E+01,2.777283582314479E+01,2.780877530829234E+01,2.774169979076805E+01,2.775252689157506E+01,2.775497983936311E+01,2.776469316986405E+01,3.238438696919062E+01,-2.696202296567830E+01,-2.772912978552621E+01,
 2.230900058746338E+03,-2.886925753804203E+01,-3.069315087079679E+01,-2.675655696496138E+01,1.526518760387673E+01,3.309296196984334E+01,4.519070926980115E+01,1.015040697619542E+01,3.091426246329672E+01,3.269599450075469E+01,3.101164470469340E+01,3.029180869092705E+01,2.999304553538996E+01,2.932015705914484E+01,3.758004478013105E+01,2.776678169919550E+01,2.782354827168394E+01,2.774310929424568E+01,2.630023651873621E+01,4.465767483727140E+01,1.006131203094613E+01,2.776003271319667E+01,2.779520166769853E+01,2.777180121013592E+01,2.780798520940504E+01,2.774061703874594E+01,2.775158359750318E+01,2.775382296290810E+01,2.776360776197805E+01,3.246464523739316E+01,-2.699371860164833E+01,-2.785036994447240E+01,
 2.294640060424805E+03,-2.904449146990352E+01,-3.088947807516596E+01,-2.692325919300674E+01,1.520979639902176E+01,3.317372903058864E+01,4.529232824637126E+01,1.017771276837309E+01,3.099381937000846E+01,3.278666477877680E+01,3.109249009895248E+01,3.024419058802224E+01,2.987878460676267E+01,2.925546210576313E+01,3.763806443420949E+01,2.776641583104795E+01,2.782355861955357E+01,2.774263778684592E+01,2.634942289585292E+01,4.475866617563171E+01,1.004611346292538E+01,2.775979167287088E+01,2.779517457608944E+01,2.777141373298847E+01,2.780781607466285E+01,2.774024159491163E+01,2.775130525118272E+01,2.775336444604936E+01,2.776318156456279E+01,3.254437111441106E+01,-2.703313968177865E+01,-2.797896418900864E+01,
 2.358380062103271E+03,-2.922155621145169E+01,-3.108687749172181E+01,-2.709257763260713E+01,1.515734866157442E+01,3.325298668338899E+01,4.539427939719734E+01,1.020231012841712E+01,3.107244949806542E+01,3.287713505037155E+01,3.117244478743167E+01,3.020519254885231E+01,2.978243884507232E+01,2.919990741282048E+01,3.769447276758446E+01,2.776672016611348E+01,2.782421035421598E+01,2.774288526697051E+01,2.639849973199585E+01,4.485985516474982E+01,1.002987622336848E+01,2.776022464659494E+01,2.779579802216835E+01,2.777169293107878E+01,2.780829247933313E+01,2.774058688282927E+01,2.775171177918807E+01,2.775361352138065E+01,2.776343183194335E+01,3.262374753876128E+01,-2.708012133989736E+01,-2.811419050231800E+01,
 2.422120063781738E+03,-2.939883538932172E+01,-3.128468302257058E+01,-2.726306735226947E+01,1.510820070621311E+01,3.333164415217841E+01,4.549627351690080E+01,1.022456454886277E+01,3.115021583645247E+01,3.296731808117212E+01,3.125150730252045E+01,3.017381775364997E+01,2.970169729977156E+01,2.915303540162521E+01,3.774959566368721E+01,2.776771300972034E+01,2.782552650225991E+01,2.774386330515304E+01,2.644762746364184E+01,4.496119908364037E+01,1.001282231030616E+01,2.776134994197981E+01,2.779709368319062E+01,2.777265781722487E+01,2.780943728814254E+01,2.774166458209710E+01,2.775281989291400E+01,2.775458379124645E+01,2.776437600370130E+01,3.270285292314389E+01,-2.713441088305546E+01,-2.825542853371603E+01,
 2.485860065460205E+03,-2.957534103610404E+01,-3.148207494395782E+01,-2.743309489168626E+01,1.506255619245217E+01,3.340724165549066E+01,4.559827434917131E+01,1.024373225666389E+01,3.122738441404883E+01,3.305713253084630E+01,3.132995244607649E+01,3.014920920277918E+01,2.963453457021797E+01,2.911427458299846E+01,3.780368726668937E+01,2.776941275128157E+01,2.782752800054573E+01,2.774558626742321E+01,2.649696440622717E+01,4.506262119636608E+01,9.995162005985790E+00,2.776318666002187E+01,2.779908259973829E+01,2.777432625391346E+01,2.781126916246424E+01,2.774348994662226E+01,2.775464782518979E+01,2.775629116661905E+01,2.776603146040492E+01,3.278174087851247E+01,-2.719557030326352E+01,-2.840171310609307E+01,
 2.549600067138672E+03,-3.056525669341825E+01,-3.173194679318459E+01,-2.815281002945939E+01,1.491756396643710E+01,2.909960277455667E+01,4.121902527205262E+01,1.035919765703684E+01,2.966596382893260E+01,3.067583309392402E+01,2.972921433685877E+01,3.012639264476558E+01,2.956356509209117E+01,2.907549573012146E+01,3.775439784257177E+01,2.777222746371509E+01,2.783028851843401E+01,2.774859752364878E+01,2.654848964444507E+01,4.128707025930412E+01,9.800421922088141E+00,2.776624653308743E+01,2.780202710301889E+01,2.777681976177029E+01,2.781362082286935E+01,2.774656618281037E+01,2.775772358167004E+01,2.775785790273757E+01,2.776843822694455E+01,3.052195370698800E+01,-2.860937221409295E+01,-2.975465848114541E+01,
 2.613340068817139E+03,-3.147795142648451E+01,-3.214457897865155E+01,-2.916189907928855E+01,1.473159687549277E+01,2.818140840597089E+01,3.946495246283940E+01,1.036766555076548E+01,2.892993611764306E+01,2.965426738570036E+01,2.899434123959003E+01,3.010866651824395E+01,2.950077992298323E+01,2.904204854959173E+01,3.750642850501581E+01,2.780385471416397E+01,2.785887704489116E+01,2.777843534802238E+01,2.634585811089513E+01,3.968840533142683E+01,9.720747858364787E+00,2.779829023584988E+01,2.783216317764083E+01,2.780832475434230E+01,2.784364150338061E+01,2.777659721272373E+01,2.778969968280978E+01,2.778496401560861E+01,2.779953890327489E+01,2.959526156900779E+01,-2.914526937631014E+01,-3.032275979533566E+01,
 2.677080070495605E+03,-3.213131108041988E+01,-3.261981023971021E+01,-2.984649837477922E+01,1.456121809099292E+01,2.760796810976339E+01,3.816901258662669E+01,1.035666410945440E+01,2.832192557310603E+01,2.883204684710598E+01,2.838369326835651E+01,3.008634647705171E+01,2.944160478811642E+01,2.900179219393027E+01,3.720991774258099E+01,2.786031436200933E+01,2.791413058729455E+01,2.783358004254363E+01,2.611680698406655E+01,3.841974499500294E+01,9.650257179474435E+00,2.785455701199490E+01,2.788790360653544E+01,2.786458161470179E+01,2.789928736333273E+01,2.783140604850776E+01,2.784569056179959E+01,2.783834810864559E+01,2.785539583286227E+01,2.883072088477148E+01,-2.962981799665132E+01,-3.088404408464647E+01,
 2.740820072174072E+03,-3.268467689749921E+01,-3.311561171049646E+01,-3.040531912490518E+01,1.440250631043452E+01,2.706787627805318E+01,3.694140524371159E+01,1.033170148998026E+01,2.770372566806383E+01,2.801954972356031E+01,2.776158735943122E+01,3.005356064600916E+01,2.937960475329926E+01,2.894867697614604E+01,3.688027697771361E+01,2.790769310275411E+01,2.796006990370059E+01,2.788000713403054E+01,2.585628548659551E+01,3.720590508445348E+01,9.575534370163048E+00,2.790183134844087E+01,2.793442297134828E+01,2.791166568690295E+01,2.794558322201468E+01,2.787758267713982E+01,2.789279965658033E+01,2.788287301974620E+01,2.790217399752679E+01,2.806229883973572E+01,-3.012751348382650E+01,-3.145567316982585E+01,
 2.804560073852539E+03,-3.319505327676977E+01,-3.361471677078340E+01,-3.091147304565466E+01,1.425101501818285E+01,2.654619963359751E+01,3.577824963067947E+01,1.029407967815940E+01,2.707901647968085E+01,2.722191895224168E+01,2.713218996508152E+01,3.001003947205938E+01,2.931212786810988E+01,2.888216222821126E+01,3.653122031691353E+01,2.794652293586562E+01,2.799738750383395E+01,2.791801146897438E+01,2.557110889047336E+01,3.604911455015765E+01,9.496813458147543E+00,2.794059537648813E+01,2.797236026000491E+01,2.795014729479932E+01,2.798322618378924E+01,2.791534366653622E+01,2.793143098505987E+01,2.791884358710838E+01,2.794037033092987E+01,2.729684771830133E+01,-3.062841842555540E+01,-3.201442475246341E+01,
 2.868300075531006E+03,-3.368450769539687E+01,-3.411033457249399E+01,-3.139387076668393E+01,1.410276622126525E+01,2.603664413532966E+01,3.467490028647310E+01,1.024455659740477E+01,2.645129312122132E+01,2.644071872347068E+01,2.649926399277485E+01,2.995603869438677E+01,2.923750784906447E+01,2.880235949159659E+01,3.617110561746478E+01,2.797697457134156E+01,2.802631228957631E+01,2.794767674855323E+01,2.526547996436899E+01,3.494782836296655E+01,9.414205819727137E+00,2.797099114407647E+01,2.800191036323071E+01,2.798023269258017E+01,2.801246543139946E+01,2.794476259058241E+01,2.796170291085201E+01,2.794642917055930E+01,2.797017489505213E+01,2.653867767231309E+01,-3.112856342755039E+01,-3.255520538498282E+01,
 2.932040077209473E+03,-3.416101474088766E+01,-3.460001620606090E+01,-3.186205553811245E+01,1.395452095544203E+01,2.553694593927215E+01,3.362685753631452E+01,1.018341032894982E+01,2.582302424909094E+01,2.567549404697724E+01,2.586544416164954E+01,2.989169549185655E+01,2.915465732466131E+01,2.870952530687081E+01,3.580524334612439E+01,2.799915777868528E+01,2.804698584310827E+01,2.796908021614395E+01,2.494290084317685E+01,3.389914880450736E+01,9.327801476978735E+00,2.799312230414122E+01,2.802320899991594E+01,2.800204672457527E+01,2.803344499759760E+01,2.796591444980193E+01,2.798370897245017E+01,2.796575306878243E+01,2.799170854940235E+01,2.579010605631731E+01,-3.162588632498241E+01,-3.307907127685377E+01,
 2.995780078887939E+03,-3.462609085090003E+01,-3.508251107446283E+01,-3.231740757320539E+01,1.380379164358828E+01,2.504421751910186E+01,3.262965539835170E+01,1.011134780473257E+01,2.519617772964116E+01,2.492517665838404E+01,2.523284542868033E+01,2.981714978680473E+01,2.906274367476974E+01,2.860396692470862E+01,3.543718796702737E+01,2.801318438899177E+01,2.805953908255747E+01,2.798231583123546E+01,2.460646577905809E+01,3.289929250816567E+01,9.237630342070688E+00,2.800709559007208E+01,2.803637615039572E+01,2.801570904307227E+01,2.804629679426910E+01,2.797889569682242E+01,2.799755227939425E+01,2.797693478011521E+01,2.800508871952445E+01,2.505185543016815E+01,-3.211892412274577E+01,-3.358750393450232E+01,
 3.059520080566406E+03,-3.507868864970471E+01,-3.555664025352285E+01,-3.276479609731985E+01,1.364903995591063E+01,2.455810192643742E+01,3.168212759647954E+01,1.002901454301412E+01,2.457725627467230E+01,2.419587235288942E+01,2.460858030581483E+01,2.973275589001475E+01,2.896146174864564E+01,2.848625648772832E+01,3.506973099533428E+01,2.801916453649302E+01,2.806409693592812E+01,2.798749535092132E+01,2.426209555739414E+01,3.195413779085463E+01,9.144669314058424E+00,2.801301880679317E+01,2.804152750004432E+01,2.802133707725589E+01,2.805114898734692E+01,2.798382235230804E+01,2.800334132601503E+01,2.798010780408993E+01,2.801043297809091E+01,2.433164802496598E+01,-3.260234749446318E+01,-3.407748509312478E+01,
 3.123260082244873E+03,-3.552411125892803E+01,-3.602187631670967E+01,-3.320323678142240E+01,1.348886371114412E+01,2.408094695613242E+01,3.078217032401809E+01,9.937227759549083E+00,2.396362066297581E+01,2.348002153872739E+01,2.398904569296326E+01,2.963870300949643E+01,2.885049530518078E+01,2.835678843893907E+01,3.470429471188344E+01,2.801731474051033E+01,2.806086587394910E+01,2.798481850213791E+01,2.390886494136923E+01,3.104953029585187E+01,9.047966331703060E+00,2.801110425059339E+01,2.803886710705426E+01,2.801914396349716E+01,2.804820510988410E+01,2.798089417756400E+01,2.800128577224112E+01,2.797547835498717E+01,2.800795429558539E+01,2.362189521329552E+01,-3.308056754242725E+01,-3.455614861850811E+01,
 3.187000083923340E+03,-3.594083790839110E+01,-3.647723246177615E+01,-3.362280186866200E+01,1.332591028040425E+01,2.363657968028754E+01,3.000333824159794E+01,9.846237152031533E+00,2.341800496072221E+01,2.285218127754801E+01,2.343850713927781E+01,2.953749693268384E+01,2.873234001663377E+01,2.821885671621260E+01,3.434904472828541E+01,2.800813497929571E+01,2.805041057954413E+01,2.797481707348221E+01,2.358553613848420E+01,3.027360357113841E+01,8.958610594522044E+00,2.800185471257863E+01,2.802893995792459E+01,2.800963811900605E+01,2.803801139966776E+01,2.797064800631885E+01,2.799189088859283E+01,2.796365164413832E+01,2.799816866251396E+01,2.299868268148759E+01,-3.350917197925438E+01,-3.498131585356044E+01,
 3.250740085601807E+03,-3.632740435561495E+01,-3.691648290411908E+01,-3.400360222935085E+01,1.316434532370679E+01,2.329389994837830E+01,2.942838691466379E+01,9.770658883011171E+00,2.300328067076997E+01,2.238117104570065E+01,2.302040670170102E+01,2.943246057307927E+01,2.861068374812451E+01,2.807691584998535E+01,3.401901541953339E+01,2.799302956185819E+01,2.803411260811790E+01,2.795894478909852E+01,2.332880151404527E+01,2.969639579114217E+01,8.888299800676467E+00,2.798667738528935E+01,2.801313045260260E+01,2.799429334108331E+01,2.802202508719297E+01,2.795459285535837E+01,2.797659191652362E+01,2.794641856042609E+01,2.798260331912562E+01,2.253023010132027E+01,-3.385236123356561E+01,-3.532710551785983E+01,
 3.314480087280273E+03,-3.670867813054922E+01,-3.734069399768922E+01,-3.438007805234188E+01,1.299965242514714E+01,2.295788301640486E+01,2.886784703640600E+01,9.689221571776486E+00,2.259031218454168E+01,2.191428639198556E+01,2.260394114319501E+01,2.932161232297119E+01,2.848310187345466E+01,2.792915217137938E+01,3.370506940179676E+01,2.797235385783699E+01,2.801230418999865E+01,2.793757362052797E+01,2.306935394598668E+01,2.913322965017563E+01,8.816138180617557E+00,2.796592356975468E+01,2.799177074929582E+01,2.797341084307892E+01,2.800053380116708E+01,2.793306258802169E+01,2.795573890764907E+01,2.792382879987710E+01,2.796152959171534E+01,2.206598969926311E+01,-3.419885931787147E+01,-3.568206811282506E+01,
 3.378220088958740E+03,-3.708156359860499E+01,-3.775108072629023E+01,-3.475019991789146E+01,1.283336008703584E+01,2.262399918251191E+01,2.832079361431050E+01,9.603335152897412E+00,2.217929352922027E+01,2.145115593188563E+01,2.218938397670525E+01,2.920705504301619E+01,2.835142643687588E+01,2.777825282798915E+01,3.340663563005666E+01,2.794649983722195E+01,2.798541186876158E+01,2.791105044796347E+01,2.280877185579900E+01,2.858346129338491E+01,8.742241235719074E+00,2.793999352944279E+01,2.796529107399992E+01,2.794736020272827E+01,2.797393012823774E+01,2.790638376441790E+01,2.792971023067072E+01,2.789613326164564E+01,2.793529131964647E+01,2.160577226512178E+01,-3.454751303962345E+01,-3.604250415665994E+01,
 3.441960090637207E+03,-3.744481382179656E+01,-3.814761788630930E+01,-3.510993497371557E+01,1.266590243498450E+01,2.229121377293753E+01,2.778658142282053E+01,9.513287917519827E+00,2.177044890811984E+01,2.099161556033917E+01,2.177693972802484E+01,2.908984759463448E+01,2.821650057927156E+01,2.762535741752253E+01,3.312146600765917E+01,2.791573438834190E+01,2.795369858951410E+01,2.787962060696039E+01,2.254762561234444E+01,2.804649848070851E+01,8.666741564374268E+00,2.790915268816880E+01,2.793395799997112E+01,2.791640745073418E+01,2.794247722503087E+01,2.787479875252541E+01,2.789876542539240E+01,2.786357555470852E+01,2.790414997062987E+01,2.114946778229013E+01,-3.489736059226627E+01,-3.640512275001154E+01,
 3.505700092315674E+03,-3.779762454941906E+01,-3.852989860212777E+01,-3.546101111838078E+01,1.249706214420888E+01,2.195908212127098E+01,2.726444042314533E+01,9.418757804261753E+00,2.136347344405187E+01,2.053541669380537E+01,2.136637195963527E+01,2.897036855838706E+01,2.807865416569263E+01,2.747073956011572E+01,3.284699724163874E+01,2.788027410020711E+01,2.791736597205063E+01,2.784349715747997E+01,2.228620361536531E+01,2.752168366107558E+01,8.589858776866445E+00,2.787361717548198E+01,2.789797756875912E+01,2.788076944272566E+01,2.790638313359806E+01,2.783852170355609E+01,2.786312099216414E+01,2.782636864219719E+01,2.786832281638999E+01,2.069714240106604E+01,-3.524744515000345E+01,-3.676717037816729E+01,
 3.569440093994141E+03,-3.813964192020070E+01,-3.889820425175994E+01,-3.580346104839064E+01,1.232698853832962E+01,2.162897806285891E+01,2.675351133188314E+01,9.320224826808133E+00,2.095834726113905E+01,2.008217042760904E+01,2.095765751820421E+01,2.884871562387977E+01,2.793803128290538E+01,2.731438585995234E+01,3.258097420762248E+01,2.784030531276988E+01,2.787658815260887E+01,2.780286617294521E+01,2.202473251201604E+01,2.700817651185412E+01,8.511785135450447E+00,2.783357278881285E+01,2.785752778930193E+01,2.784063237644226E+01,2.786582801393937E+01,2.779774026595102E+01,2.782296402025917E+01,2.778469567594456E+01,2.782799634650768E+01,2.024871059667049E+01,-3.559649874010718E+01,-3.712642144939494E+01,
 3.633180095672607E+03,-3.846647225734973E+01,-3.925239622073099E+01,-3.613475958061822E+01,1.215658496303790E+01,2.130233779894765E+01,2.625678782963625E+01,9.219004823357045E+00,2.056035060914953E+01,1.963822689001990E+01,2.055657583614116E+01,2.872565641454687E+01,2.779565479562059E+01,2.715719166106049E+01,3.232311876670334E+01,2.779639557603081E+01,2.783186688135686E+01,2.775827719818128E+01,2.176728535801156E+01,2.651294098136560E+01,8.433990439496920E+00,2.778955201118364E+01,2.781310109090777E+01,2.779653137928365E+01,2.782130731522332E+01,2.775296938720941E+01,2.777882296434109E+01,2.773907640728352E+01,2.778370105067859E+01,1.981106210012566E+01,-3.593904250448042E+01,-3.747673701813761E+01,
 3.696920097351074E+03,-3.853586490175738E+01,-3.958511841294072E+01,-3.633049355227593E+01,1.202422934388780E+01,2.433229258747701E+01,2.700402512504395E+01,9.071446577950912E+00,2.035218186801352E+01,1.950021944031888E+01,2.035612575775639E+01,2.859545351893484E+01,2.764557870898089E+01,2.699244192196321E+01,3.207812098137069E+01,2.774414425605953E+01,2.777895980362947E+01,2.770546043478322E+01,2.139084868319698E+01,2.670622089754134E+01,8.307549767404860E+00,2.773733759973469E+01,2.776059579197327E+01,2.774426070008920E+01,2.776877666464145E+01,2.770012026042441E+01,2.772653655361216E+01,2.768543462817750E+01,2.773128276350313E+01,1.966245330699391E+01,-3.625491469565045E+01,-3.787563475916704E+01,
 3.760660099029541E+03,-3.809556605805750E+01,-3.978804794554031E+01,-3.590204041035044E+01,1.196868142504294E+01,2.503800735500987E+01,2.843312972097842E+01,8.909727733867523E+00,2.061463826465923E+01,2.005540594558676E+01,2.061850020435583E+01,2.845792066580297E+01,2.749105812265821E+01,2.681941888330395E+01,3.193126058839121E+01,2.768691737226102E+01,2.772147194486547E+01,2.764756972052562E+01,2.112198561204510E+01,2.795970478294000E+01,8.166758875625401E+00,2.768009442401752E+01,2.770324123040371E+01,2.768697651409404E+01,2.771137097573426E+01,2.764223991790742E+01,2.766916822071228E+01,2.762730145868958E+01,2.767385130972961E+01,2.005891184369741E+01,-3.634698032330438E+01,-3.796469154535411E+01,
 3.824400100708008E+03,-3.793548618459037E+01,-3.989601587190643E+01,-3.569796036005592E+01,1.190147847792771E+01,2.526842040659789E+01,2.951537576238163E+01,8.786058770651566E+00,2.084437498006230E+01,2.053398781999402E+01,2.084910090199075E+01,2.832348248451819E+01,2.733986840573908E+01,2.664929542804541E+01,3.186222979691372E+01,2.762994299513175E+01,2.766453539323166E+01,2.759020432641803E+01,2.099856569590226E+01,2.898964896612578E+01,8.058519987477137E+00,2.762324578826394E+01,2.764642995603213E+01,2.763003845313782E+01,2.765449064602854E+01,2.758506122344484E+01,2.761226532133777E+01,2.757014353508695E+01,2.761686314286216E+01,2.043386176101214E+01,-3.637191001679636E+01,-3.792213039244727E+01,
 3.888140102386475E+03,-3.787690222233915E+01,-3.995830972760984E+01,-3.562616219831725E+01,1.182144504177038E+01,2.549868490984755E+01,3.053188285523614E+01,8.665286070592455E+00,2.109328451829760E+01,2.101175349400787E+01,2.109958736864352E+01,2.819576140480469E+01,2.719295710262138E+01,2.648718551528286E+01,3.185589459562663E+01,2.757343142447498E+01,2.760829540801276E+01,2.753342648496584E+01,2.093584889717670E+01,2.997692110101132E+01,7.955614179310286E+00,2.756685520769026E+01,2.759020641273145E+01,2.757361096124143E+01,2.759824603276365E+01,2.752849299843910E+01,2.755584284449914E+01,2.751386213143661E+01,2.756043083607592E+01,2.083018058620342E+01,-3.637968663064990E+01,-3.786229540702505E+01,
 3.951880104064941E+03,-3.785041984222018E+01,-3.999393717537547E+01,-3.559940976661441E+01,1.173315320320178E+01,2.573395463594831E+01,3.148090132199668E+01,8.547185896531738E+00,2.135928375827229E+01,2.147758540704138E+01,2.136773826573589E+01,2.807823197108300E+01,2.705318565883734E+01,2.633796378285394E+01,3.190081323705871E+01,2.751840693680061E+01,2.755374502576826E+01,2.747819369440509E+01,2.092096339437913E+01,3.090883104777840E+01,7.858885149022604E+00,2.751192865252361E+01,2.753557024916480E+01,2.751871570769217E+01,2.754364853294730E+01,2.747347130606857E+01,2.750088836577720E+01,2.745934290506374E+01,2.750555273501357E+01,2.123430050392903E+01,-3.638038626877211E+01,-3.780921977840552E+01,
 4.015620105743408E+03,-3.782958877444582E+01,-4.001047545665883E+01,-3.558473859014661E+01,1.164127664785554E+01,2.596984598452536E+01,3.236554181373433E+01,8.432080967877551E+00,2.163841167656927E+01,2.192747520069340E+01,2.164948352735275E+01,2.797258443972517E+01,2.692250879623177E+01,2.620404542688453E+01,3.198560712129353E+01,2.746560249356009E+01,2.750156944496346E+01,2.742522971980603E+01,2.094497042929427E+01,3.178403849606870E+01,7.768731183504768E+00,2.745920716834561E+01,2.748323207995325E+01,2.746607306654399E+01,2.749139169907121E+01,2.742072083851591E+01,2.744814168604615E+01,2.740725164492886E+01,2.745294248779047E+01,2.163935403092405E+01,-3.637704380527362E+01,-3.776574054581278E+01,
 4.079360107421875E+03,-3.780324430870402E+01,-4.001124114225812E+01,-3.556706914281713E+01,1.154999299379558E+01,2.620404908240159E+01,3.319080261038128E+01,8.320174549642825E+00,2.192648027846612E+01,2.236058331836465E+01,2.194051759928070E+01,2.787948207370447E+01,2.680225120524443E+01,2.608645345459891E+01,3.210057789990241E+01,2.741555920341630E+01,2.745226560907584E+01,2.737507553705209E+01,2.100106209718488E+01,3.260497997249921E+01,7.685833024894034E+00,2.740924064632684E+01,2.743371313829536E+01,2.741621224534292E+01,2.744197697299875E+01,2.737078391276547E+01,2.739815401367848E+01,2.735807019202086E+01,2.740312609437215E+01,2.204195456158075E+01,-3.637001491510172E+01,-3.772863562053646E+01,
 4.143100109100342E+03,-3.776717195011538E+01,-3.999780126526331E+01,-3.553992316850648E+01,1.146278062459774E+01,2.643509283620829E+01,3.396151342288362E+01,8.211855010609458E+00,2.221974831863282E+01,2.277752883498092E+01,2.223699677942554E+01,2.779898376619529E+01,2.669334880281781E+01,2.598533984279431E+01,3.223793430983331E+01,2.736867349516123E+01,2.740619401509380E+01,2.732812836651585E+01,2.108380484459088E+01,3.337521816610194E+01,7.610758379782109E+00,2.736243021951048E+01,2.738739124016507E+01,2.736952179646206E+01,2.739577213629500E+01,2.732405738126678E+01,2.735132803538829E+01,2.731216020780816E+01,2.735649078785582E+01,2.244032514760497E+01,-3.635849784940476E+01,-3.769356123888942E+01,
 4.206840110778809E+03,-3.772016736356701E+01,-3.997093154812146E+01,-3.550428263150884E+01,1.138201904666401E+01,2.666301286204664E+01,3.468017175174553E+01,8.107963091678013E+00,2.251299217623404E+01,2.317572054129794E+01,2.253333620747225E+01,2.773100968615586E+01,2.659655091326398E+01,2.590062911669568E+01,3.239128031681763E+01,2.732543677661556E+01,2.736377367989842E+01,2.728484831443103E+01,2.118775088732775E+01,3.409121232167666E+01,7.544799391677572E+00,2.731924958237300E+01,2.734468914136926E+01,2.732647199620867E+01,2.735319547695162E+01,2.728098365908276E+01,2.730813083086885E+01,2.726994705122780E+01,2.731349910275554E+01,2.282959292328556E+01,-3.634182596773787E+01,-3.765685359445680E+01,
 4.270580112457275E+03,-3.766599398308058E+01,-3.993106965835813E+01,-3.546033858149286E+01,1.131320216547598E+01,2.683762871471460E+01,3.516956666239606E+01,8.035646126783194E+00,2.272261589413311E+01,2.344912312940182E+01,2.274504409166351E+01,2.767765067956985E+01,2.651611465706193E+01,2.583463441936813E+01,3.254404581721879E+01,2.728823772554226E+01,2.732747118135246E+01,2.724766731489533E+01,2.127594473712171E+01,3.457715801497687E+01,7.503786832250398E+00,2.728210566998819E+01,2.730808223523606E+01,2.728943444124059E+01,2.731667193586639E+01,2.724398199398750E+01,2.727097153340793E+01,2.723370139607227E+01,2.727651548179870E+01,2.310224683806904E+01,-3.632480279745547E+01,-3.762473764751498E+01,
 4.334320114135742E+03,-3.759772797357115E+01,-3.987787630420073E+01,-3.540542448782954E+01,1.124895148694405E+01,2.699343622149922E+01,3.561285962804973E+01,7.968821258362158E+00,2.292153960405204E+01,2.370460418687160E+01,2.294607143728526E+01,2.763460058820537E+01,2.644719066319695E+01,2.578218893868351E+01,3.269439206900471E+01,2.725423416621822E+01,2.729428069408827E+01,2.721368665675481E+01,2.137007577615514E+01,3.502350968423630E+01,7.470116453667208E+00,2.724816330720306E+01,2.727462292604208E+01,2.725560139961874E+01,2.728331660702992E+01,2.721017115092564E+01,2.723701747228782E+01,2.720059572485858E+01,2.724273216633472E+01,2.336122230461559E+01,-3.630537919010177E+01,-3.758591612612967E+01,
 4.398060115814209E+03,-3.751651357016038E+01,-3.981034938808251E+01,-3.533428487106183E+01,1.119379557522143E+01,2.714642192203641E+01,3.603487038843065E+01,7.904392203929663E+00,2.311700260752392E+01,2.395144620165934E+01,2.314340364210857E+01,2.760057202870323E+01,2.638904165414530E+01,2.574156513615007E+01,3.284056567431619E+01,2.722335984160364E+01,2.726414135387294E+01,2.718283649569766E+01,2.147029065217773E+01,3.544577754310889E+01,7.442661975437749E+00,2.721731177003076E+01,2.724421131422735E+01,2.722487586338323E+01,2.725301829126029E+01,2.717944956620860E+01,2.720615325335757E+01,2.717059179319904E+01,2.721205730596071E+01,2.361501253372333E+01,-3.628186293745808E+01,-3.753909076240112E+01,
 4.461800117492676E+03,-3.744199109454874E+01,-3.973044857632072E+01,-3.526535024986563E+01,1.116000261237005E+01,2.724267363125606E+01,3.626251191040316E+01,7.869315362106999E+00,2.322387070460370E+01,2.408362160685326E+01,2.325123782713046E+01,2.757879060979204E+01,2.634927337218819E+01,2.571627116950086E+01,3.295361176359052E+01,2.719945581294964E+01,2.724092286450818E+01,2.715899456015752E+01,2.152964691651319E+01,3.567002572890462E+01,7.430711018443406E+00,2.719341876540840E+01,2.722073116539770E+01,2.720106163354080E+01,2.722958140700338E+01,2.715569562823617E+01,2.718224629226145E+01,2.714735590534509E+01,2.718828032777110E+01,2.375234524483027E+01,-3.626243778225921E+01,-3.750311709954304E+01,
 4.525540119171143E+03,-3.734935050382731E+01,-3.963945202478120E+01,-3.518185492110307E+01,1.113418945665379E+01,2.732551816389826E+01,3.646880304432764E+01,7.837519893446265E+00,2.332355520873003E+01,2.420698370498924E+01,2.335185429376013E+01,2.756167233916183E+01,2.631588606255023E+01,2.569717797716842E+01,3.305771734079518E+01,2.717749613101437E+01,2.721951398859894E+01,2.713708829488668E+01,2.158863009488422E+01,3.587776785736470E+01,7.422373855736109E+00,2.717149029410513E+01,2.719913094534247E+01,2.717921382275311E+01,2.720805744656447E+01,2.713388326387160E+01,2.716031283686154E+01,2.712599185732085E+01,2.716646523603995E+01,2.388212043518694E+01,-3.623860101923986E+01,-3.746071157685163E+01,
 4.589280120849609E+03,-3.724037317299005E+01,-3.953652302699920E+01,-3.507969231491741E+01,1.111614623654715E+01,2.740699383463265E+01,3.667142694240064E+01,7.806196263925227E+00,2.342302241616909E+01,2.433009752847234E+01,2.345227314730741E+01,2.754825407997716E+01,2.628776417072025E+01,2.568298480025117E+01,3.315517389343025E+01,2.715710296426470E+01,2.719963124663325E+01,2.711673968991077E+01,2.165055090361058E+01,3.608204714437719E+01,7.417349941919420E+00,2.715111268558202E+01,2.717906271513157E+01,2.715893697997332E+01,2.718808155329085E+01,2.711361545716413E+01,2.713992963824615E+01,2.710619592025755E+01,2.714622235789296E+01,2.401241979491819E+01,-3.620887986767107E+01,-3.740899139554320E+01,
 4.653020122528076E+03,-3.711384175730330E+01,-3.941892036282552E+01,-3.496049922926153E+01,1.110679465078127E+01,2.748665404330973E+01,3.687019597461059E+01,7.775370358903755E+00,2.352233810899050E+01,2.445320781495091E+01,2.355255425226781E+01,2.753800275208129E+01,2.626456705514506E+01,2.567304356819702E+01,3.324661990594415E+01,2.713820972102466E+01,2.718120471727555E+01,2.709789224185728E+01,2.171565277751660E+01,3.628278738979584E+01,7.416136911497048E+00,2.713222067134561E+01,2.716045439634270E+01,2.714016731180438E+01,2.716958862819240E+01,2.709484000343101E+01,2.712103536909127E+01,2.708792555864154E+01,2.712749221735791E+01,2.414355978080992E+01,-3.617252653765351E+01,-3.734663313552593E+01,
 4.716760124206543E+03,-3.696614913927680E+01,-3.928201561921173E+01,-3.482142651689067E+01,1.110594584250086E+01,2.756309603021344E+01,3.706499808017499E+01,7.745017323547787E+00,2.362162162864866E+01,2.457636234448602E+01,2.365281670030716E+01,2.753050207799505E+01,2.624604031667860E+01,2.566691609936647E+01,3.333303534029081E+01,2.712078079434684E+01,2.716420251564401E+01,2.708051695665224E+01,2.178422504210377E+01,3.647994650064533E+01,7.419118902136313E+00,2.711478042949808E+01,2.714327498388755E+01,2.712286888201850E+01,2.715254464941427E+01,2.707753300820018E+01,2.710359827112812E+01,2.707115186538472E+01,2.711024019759417E+01,2.427587840783751E+01,-3.612848187651691E+01,-3.727205326033568E+01,
 4.780500125885010E+03,-3.679553817667883E+01,-3.912074449758585E+01,-3.465744071955725E+01,1.111755393285284E+01,2.763844375438272E+01,3.725567899046236E+01,7.715320549651264E+00,2.372129262952934E+01,2.469964566695572E+01,2.375347927009882E+01,2.752552301946321E+01,2.623187194904289E+01,2.566431766866386E+01,3.341528763309442E+01,2.710478733041375E+01,2.714860041348020E+01,2.706458831452352E+01,2.185640373900064E+01,3.667340436856878E+01,7.426666952583189E+00,2.709876048999377E+01,2.712749839686950E+01,2.710701071321076E+01,2.713692044830232E+01,2.706166449957056E+01,2.708758639814391E+01,2.705583937482242E+01,2.709443447892656E+01,2.440962040582137E+01,-3.607412292656014E+01,-3.718366723412746E+01,
 4.844240127563477E+03,-3.660119941053984E+01,-3.893199961536020E+01,-3.447313520381220E+01,1.113960926329242E+01,2.771286270552307E+01,3.744249204096503E+01,7.686107636973293E+00,2.382114767022278E+01,2.482354526674418E+01,2.385434338906155E+01,2.752290015842911E+01,2.622188934728136E+01,2.566510231287755E+01,3.349424132842694E+01,2.709020392940391E+01,2.713437568977727E+01,2.705008045746777E+01,2.193218875042609E+01,3.686294299607547E+01,7.439205568857961E+00,2.708414281762948E+01,2.711310126239720E+01,2.709256792357098E+01,2.712269363168949E+01,2.704721349462882E+01,2.707298268095602E+01,2.704196823628097E+01,2.708005084537963E+01,2.454510254473430E+01,-3.600879156630633E+01,-3.707954327565263E+01,
 4.907980129241943E+03,-3.638127149945893E+01,-3.871466793893600E+01,-3.426497769560250E+01,1.116531806477199E+01,2.778544349817800E+01,3.762527004268853E+01,7.657403038075627E+00,2.392150713917774E+01,2.494809249487153E+01,2.395573493783135E+01,2.752257217528711E+01,2.621606355276777E+01,2.566913249746979E+01,3.357062222214812E+01,2.707702625649404E+01,2.712152746687598E+01,2.703698190332526E+01,2.201148725535553E+01,3.704857991072667E+01,7.457088485224526E+00,2.707091341786448E+01,2.710007595073819E+01,2.707953950557557E+01,2.710986499570121E+01,2.703416233883032E+01,2.705977111560705E+01,2.702954007755246E+01,2.706708831517647E+01,2.468264650650415E+01,-3.593310081222677E+01,-3.695860650090110E+01,
 4.971720130920410E+03,-3.613646242157099E+01,-3.846846453386334E+01,-3.403234186930676E+01,1.119735639310376E+01,2.785747456183570E+01,3.780428822123331E+01,7.629459546219013E+00,2.402293091326608E+01,2.507329637198195E+01,2.405821466393454E+01,2.752448201036783E+01,2.621414906629492E+01,2.567624156737951E+01,3.364502217281385E+01,2.706523598462969E+01,2.711004380341671E+01,2.702527353242607E+01,2.209402994191620E+01,3.723041757981989E+01,7.480584328632800E+00,2.705905763234433E+01,2.708841317606579E+01,2.706790566466343E+01,2.709841899116052E+01,2.702249533955925E+01,2.704793627809185E+01,2.701852575963584E+01,2.705552496084852E+01,2.482235860058746E+01,-3.584620962765798E+01,-3.681968785040912E+01,
 5.035460132598877E+03,-3.586745682144139E+01,-3.819397889538220E+01,-3.377663744115748E+01,1.123572785599595E+01,2.792911433071258E+01,3.797915330484961E+01,7.602615086991221E+00,2.412569176585053E+01,2.519979324140613E+01,2.416199225929268E+01,2.752854941762573E+01,2.621601639504674E+01,2.568631846968496E+01,3.371790256518123E+01,2.705482013928602E+01,2.709991641289890E+01,2.701493680929778E+01,2.217952350395121E+01,3.740845642620489E+01,7.509985038017830E+00,2.704856428372274E+01,2.707810374434036E+01,2.705765177608119E+01,2.708834358755362E+01,2.701219267634519E+01,2.703746534025659E+01,2.700890604617545E+01,2.704534501037522E+01,2.496438389094507E+01,-3.574728113604809E+01,-3.666175053303844E+01,
 5.099200134277344E+03,-3.557462787616516E+01,-3.789206636513701E+01,-3.350107646839010E+01,1.128045813758909E+01,2.799992121418381E+01,3.815026297218218E+01,7.577114348153853E+00,2.423006052739067E+01,2.532762221467760E+01,2.426730600170600E+01,2.753470330332194E+01,2.622152598490069E+01,2.569923283443663E+01,3.378963259504077E+01,2.704576201261262E+01,2.709112983946742E+01,2.700595794268028E+01,2.226757537404184E+01,3.758286872230172E+01,7.545566144532286E+00,2.703941408592811E+01,2.706913063226827E+01,2.704876196203544E+01,2.707962392075665E+01,2.700323909716811E+01,2.702833872743867E+01,2.700066505717010E+01,2.703653241257168E+01,2.510894458454970E+01,-3.563570604211731E+01,-3.648441832238460E+01,
 5.162940135955811E+03,-3.525890331445903E+01,-3.756327620221975E+01,-3.320106821517184E+01,1.133117692362449E+01,2.806935241141457E+01,3.831733058937106E+01,7.553898020173587E+00,2.433622860866107E+01,2.545682788407808E+01,2.437439293634450E+01,2.754285976417482E+01,2.623056125427795E+01,2.571488720553788E+01,3.386040833620365E+01,2.703804651522730E+01,2.708366996261239E+01,2.699832346854748E+01,2.235774705463150E+01,3.775375434573333E+01,7.587472552125095E+00,2.703159306782510E+01,2.706147849483464E+01,2.704122067056447E+01,2.707224511036823E+01,2.699561755242034E+01,2.702054249216939E+01,2.699378609713154E+01,2.702907139946299E+01,2.525608716101490E+01,-3.551134606095427E+01,-3.628734837565754E+01,
 5.226680137634277E+03,-3.492073654279777E+01,-3.720887509436550E+01,-3.287903524856442E+01,1.138720807597513E+01,2.813693946005000E+01,3.848085470733280E+01,7.533398840208338E+00,2.444453265337822E+01,2.558749902243806E+01,2.448359957381973E+01,2.755297214523111E+01,2.624299439432575E+01,2.573317072006972E+01,3.393042379763760E+01,2.703166074095298E+01,2.707752715477847E+01,2.699201659198718E+01,2.244966364956312E+01,3.792099017115018E+01,7.635754610441607E+00,2.702509096859306E+01,2.705514146883299E+01,2.703501406664768E+01,2.706619465438073E+01,2.698931636258100E+01,2.701406583008382E+01,2.698825306833234E+01,2.702294757261285E+01,2.540578419116767E+01,-3.537389491835548E+01,-3.607008853787006E+01,
 5.290420139312744E+03,-3.456220472906556E+01,-3.683097885501984E+01,-3.253793175726398E+01,1.144813087482191E+01,2.820508428132849E+01,3.864089238073939E+01,7.515905519856243E+00,2.455548802354497E+01,2.572015821460135E+01,2.459536580557084E+01,2.756498205456542E+01,2.625874869870817E+01,2.575398889506892E+01,3.399984243002964E+01,2.702659418510365E+01,2.707269388831464E+01,2.698702669966541E+01,2.254291966954308E+01,3.808465093132030E+01,7.690316156598973E+00,2.701989858513209E+01,2.705011021335338E+01,2.703013062857041E+01,2.706146286423588E+01,2.698432598439855E+01,2.700889920496709E+01,2.698405035102652E+01,2.701814849918865E+01,2.555794813595511E+01,-3.522297997108514E+01,-3.583265241227476E+01,
 5.354160140991211E+03,-3.418577083431306E+01,-3.643153714443181E+01,-3.218033639018496E+01,1.151394934506495E+01,2.827559207955191E+01,3.879753886448482E+01,7.502273353498539E+00,2.466875920537682E+01,2.585450190458039E+01,2.470940278386762E+01,2.757882968899115E+01,2.627765192642413E+01,2.577727370467262E+01,3.406881383625413E+01,2.702283407554045E+01,2.706915584711678E+01,2.698334454069662E+01,2.263710747750807E+01,3.824492139045976E+01,7.751088272917423E+00,2.701600397160281E+01,2.704637160315076E+01,2.702655646174919E+01,2.705803525780533E+01,2.698063705758024E+01,2.700503079815428E+01,2.698116191605257E+01,2.701466008690328E+01,2.571248350274929E+01,-3.505860242534574E+01,-3.557529832351653E+01,
 5.417900142669678E+03,-3.379447947775088E+01,-3.601270526097689E+01,-3.180774443869776E+01,1.158416310205755E+01,2.834803631711783E+01,3.895138682221700E+01,7.492469631288242E+00,2.478486344199068E+01,2.599064142970830E+01,2.482618992595767E+01,2.759447691168356E+01,2.629954946461564E+01,2.580293952872784E+01,3.413745115751417E+01,2.702036615625264E+01,2.706689956228711E+01,2.698095712407555E+01,2.273187703064274E+01,3.840191716666460E+01,7.817858254052310E+00,2.701339583093037E+01,2.704391353143616E+01,2.702427505477717E+01,2.705589523884484E+01,2.697823542169730E+01,2.700244959146588E+01,2.697956891465491E+01,2.701246559395372E+01,2.586928101783603E+01,-3.488093279506192E+01,-3.529866502207454E+01,
 5.481640144348145E+03,-3.339076241660057E+01,-3.557704505277405E+01,-3.142065990496568E+01,1.165792720732976E+01,2.842128829910418E+01,3.910222164375363E+01,7.486952305842530E+00,2.490412711384817E+01,2.612864010644366E+01,2.494599378322222E+01,2.761190035514868E+01,2.632433660923580E+01,2.583089760380023E+01,3.420588054850619E+01,2.701917484055775E+01,2.706591338323517E+01,2.697984596629724E+01,2.282684427403712E+01,3.855570851082229E+01,7.890205397702714E+00,2.701206091940504E+01,2.704272314975210E+01,2.702326891248243E+01,2.705502838154228E+01,2.697710699861776E+01,2.700114211934653E+01,2.697924727344085E+01,2.701154590809634E+01,2.602820229325230E+01,-3.469029208779675E+01,-3.500389523318263E+01,
 5.545380146026611E+03,-3.297766183876613E+01,-3.512819050777266E+01,-3.102513025774838E+01,1.173485439002538E+01,2.849589843694890E+01,3.925022622232299E+01,7.486924867174639E+00,2.502629867295263E+01,2.626867415935616E+01,2.506864383229768E+01,2.763104936611144E+01,2.635191612807376E+01,2.586102840028471E+01,3.427418511122112E+01,2.701924315841489E+01,2.706618109005397E+01,2.697999606701036E+01,2.292161781466404E+01,3.870648385009327E+01,7.967852017147342E+00,2.701198437167176E+01,2.704278822048649E+01,2.702351985704946E+01,2.705541516060418E+01,2.697723640736560E+01,2.700109305295348E+01,2.698017992787301E+01,2.701188310573011E+01,2.618914286803427E+01,-3.448710341642019E+01,-3.469208551473952E+01,
 5.609120147705078E+03,-3.255823589109183E+01,-3.466895559574674E+01,-3.062357235202828E+01,1.181469801141324E+01,2.857190496516716E+01,3.939563481956073E+01,7.491216077256268E+00,2.515112410438386E+01,2.641088764239677E+01,2.519396356987571E+01,2.765189502750525E+01,2.638215352933510E+01,2.589323482483242E+01,3.434242898574861E+01,2.702055339612192E+01,2.706768470745426E+01,2.698138928320272E+01,2.301589036666245E+01,3.885449183529958E+01,8.050365756768722E+00,2.701314701236246E+01,2.704409016256759E+01,2.702501095570080E+01,2.705703695621144E+01,2.697860352454276E+01,2.700228287743892E+01,2.698235023927139E+01,2.701346104842008E+01,2.635187425428593E+01,-3.427188744633036E+01,-3.436474925704835E+01,
 5.672860149383545E+03,-3.213401661900148E+01,-3.420267241794191E+01,-3.021628469764435E+01,1.189731162366447E+01,2.865065893067921E+01,3.953853653043323E+01,7.500787559253931E+00,2.527870612195977E+01,2.655495535343512E+01,2.532197216977426E+01,2.767438614209241E+01,2.641495377183086E+01,2.592743601311981E+01,3.441084570520654E+01,2.702308450784784E+01,2.707040339074280E+01,2.698400547275095E+01,2.310929487590077E+01,3.899992091696105E+01,8.137083710093583E+00,2.701552734377374E+01,2.704660694582202E+01,2.702772154560940E+01,2.705987317101497E+01,2.698118784911936E+01,2.700469030787524E+01,2.698574148352027E+01,2.701625929370109E+01,2.651598775570250E+01,-3.404519219166702E+01,-3.402364316879431E+01,
 5.736600151062012E+03,-3.170813062328968E+01,-3.373304915770809E+01,-2.980610162460630E+01,1.198219211907669E+01,2.873326851240556E+01,3.967909061842877E+01,7.516697800587922E+00,2.540918044767056E+01,2.670058284133599E+01,2.545278520072072E+01,2.769846823563780E+01,2.645017592435149E+01,2.596349775348228E+01,3.447929675310317E+01,2.702681435816728E+01,2.707431592906781E+01,2.698781905735035E+01,2.320144625094571E+01,3.914287126541523E+01,8.227423570867487E+00,2.701910604034635E+01,2.705031985279150E+01,2.703162722628763E+01,2.706389923586822E+01,2.698496643697999E+01,2.700829555296902E+01,2.699032083608640E+01,2.702025261505829E+01,2.668103730933893E+01,-3.380780970228949E+01,-3.367068653789856E+01,
 5.736629882812500E+03,-3.170575981188213E+01,-3.373282939539638E+01,-2.980590314942313E+01,1.198225958106778E+01,2.873333407030145E+01,3.967922232655665E+01,7.516725022938866E+00,2.540953392726054E+01,2.670159899016890E+01,2.545319077914851E+01,2.769848778461892E+01,2.645020455771779E+01,2.596352652689068E+01,3.447934998206517E+01,2.702682075250050E+01,2.707431960736254E+01,2.698782615556422E+01,2.320173491875758E+01,3.914503012690793E+01,8.228789125705751E+00,2.701911230638499E+01,2.705032539430050E+01,2.703163394711098E+01,2.706390514176289E+01,2.698497293181830E+01,2.700830105486769E+01,2.699032853784158E+01,2.702025856394640E+01,2.668349724107209E+01,-3.380416401748131E+01,-3.366530330897286E+01,
